Название вакансии,Ссылка на вакансию,Название компании
Middle / Senior Python developer,https://kharkov.hh.ua/vacancy/32124855?query=Python, Akvelon Ukraine
Python Software Engineer,https://kharkov.hh.ua/vacancy/32059656?query=Python, Productech
Junior Python Developer,https://kharkov.hh.ua/vacancy/32056731?query=Python, Cloud Linux
Machine Learning Engineer / Data scientist (junior / senior),https://kharkov.hh.ua/vacancy/31942640?query=Python,ООО ИК Актуальная Механика
Junior / Middle / Senior Python Engineer for AnvilEight team,https://kharkov.hh.ua/vacancy/31828182?query=Python, Anvil Eight
Continuous Integration / Automation Engineer for KernelCare,https://kharkov.hh.ua/vacancy/32061167?query=Python, Cloud Linux
Software Packager in Build System Team,https://kharkov.hh.ua/vacancy/31918653?query=Python, Cloud Linux
Erlang Developer,https://kharkov.hh.ua/vacancy/31766903?query=Python, ZiMAD
C / C++ Developer,https://kharkov.hh.ua/vacancy/32128175?query=Python, Zodiac Interactive
DevOps engineer,https://kharkov.hh.ua/vacancy/32236207?query=Python, ITCraft
Middle DevOps engineer,https://kharkov.hh.ua/vacancy/32034136?query=Python, Serverbee S.L.U.
Middle DevOps Engineer (PST Business Hours),https://kharkov.hh.ua/vacancy/31981921?query=Python,ООО OpsWorks Co.
Senior Blockchain Engineer,https://kharkov.hh.ua/vacancy/31944070?query=Python,ООО Adoriasoft
